epoch,train_loss,train_accuracy,val_loss,val_accuracy,learning_rate
1,0.790727,0.702833,0.515988,0.806083,0.00100000
2,0.444427,0.835458,0.495942,0.820333,0.00097555
3,0.370744,0.863750,0.395586,0.852167,0.00090460
4,0.328551,0.878958,0.308576,0.884583,0.00079410
5,0.297635,0.891563,0.296697,0.894000,0.00065485
6,0.273840,0.899833,0.274257,0.900667,0.00050050
7,0.254380,0.907625,0.274848,0.898500,0.00034615
8,0.239749,0.911917,0.250468,0.908167,0.00020690
9,0.224404,0.918083,0.216824,0.920000,0.00009640
10,0.215377,0.922500,0.215561,0.920333,0.00002545
